run_t0_utc,state,site,site_lat,site_lon,grid_iy,grid_ix,grid_lat,grid_lon,lead_min,valid_time_utc,valid_time_ist,ghi_actual_wm2,ghi_pred_wm2,kstar_pred,ghi_cs_wm2,zen_deg,day_mask
2025-12-30T10:45:00+00:00,MH,Telgaon 132kV,18.97043,76.21077,127,124,18.979555130004883,76.19355010986328,75,2025-12-30T12:00:00+00:00,2025-12-30T17:30:00+05:30,6.70800256729126,0.0,0.0,51.8479118347168,84.8731460571289,1.0
2025-12-30T10:45:00+00:00,MH,Telgaon 132kV,18.97043,76.21077,127,124,18.979555130004883,76.19355010986328,90,2025-12-30T12:15:00+00:00,2025-12-30T17:45:00+05:30,0.6299811601638794,0.0,0.0,43.07818984985352,88.06045532226562,1.0
2025-12-30T10:45:00+00:00,MH,Telgaon 132kV,18.97043,76.21077,127,124,18.979555130004883,76.19355010986328,105,2025-12-30T12:30:00+00:00,2025-12-30T18:00:00+05:30,0.0,0.0,0.0,0.0,91.28142547607422,0.0
2025-12-30T11:30:00+00:00,MH,Telgaon 132kV,18.97043,76.21077,127,124,18.979555130004883,76.19355010986328,75,2025-12-30T12:45:00+00:00,2025-12-30T18:15:00+05:30,0.0,0.0,0.0,0.0,94.53240203857422,0.0
2025-12-30T11:30:00+00:00,MH,Telgaon 132kV,18.97043,76.21077,127,124,18.979555130004883,76.19355010986328,90,2025-12-30T13:00:00+00:00,2025-12-30T18:30:00+05:30,0.0,0.0,0.0,0.0,97.81017303466795,0.0
2025-12-30T11:30:00+00:00,MH,Telgaon 132kV,18.97043,76.21077,127,124,18.979555130004883,76.19355010986328,105,2025-12-30T13:15:00+00:00,2025-12-30T18:45:00+05:30,0.0,0.0,0.0,0.0,101.11190032958984,0.0
2025-12-30T11:30:00+00:00,MH,Telgaon 132kV,18.97043,76.21077,127,124,18.979555130004883,76.19355010986328,120,2025-12-30T13:30:00+00:00,2025-12-30T19:00:00+05:30,0.0,0.0,0.0,0.0,104.43505859375,0.0
2025-12-30T12:30:00+00:00,MH,Telgaon 132kV,18.97043,76.21077,127,124,18.979555130004883,76.19355010986328,75,2025-12-30T13:45:00+00:00,2025-12-30T19:15:00+05:30,0.0,0.0,0.0,0.0,107.7773895263672,0.0
2025-12-30T12:30:00+00:00,MH,Telgaon 132kV,18.97043,76.21077,127,124,18.979555130004883,76.19355010986328,90,2025-12-30T14:00:00+00:00,2025-12-30T19:30:00+05:30,,0.0,0.0,0.0,111.13687896728516,0.0
2025-12-30T12:30:00+00:00,MH,Telgaon 132kV,18.97043,76.21077,127,124,18.979555130004883,76.19355010986328,105,2025-12-30T14:15:00+00:00,2025-12-30T19:45:00+05:30,0.0,0.0,0.0,0.0,114.51168823242188,0.0
2025-12-30T12:30:00+00:00,MH,Telgaon 132kV,18.97043,76.21077,127,124,18.979555130004883,76.19355010986328,120,2025-12-30T14:30:00+00:00,2025-12-30T20:00:00+05:30,,0.0,0.0,0.0,117.900146484375,0.0
2025-12-30T13:30:00+00:00,MH,Telgaon 132kV,18.97043,76.21077,127,124,18.979555130004883,76.19355010986328,75,2025-12-30T14:45:00+00:00,2025-12-30T20:15:00+05:30,0.0,0.0,0.0,0.0,121.3007354736328,0.0
2025-12-30T13:30:00+00:00,MH,Telgaon 132kV,18.97043,76.21077,127,124,18.979555130004883,76.19355010986328,90,2025-12-30T15:00:00+00:00,2025-12-30T20:30:00+05:30,0.0,0.0,0.0,0.0,124.7120132446289,0.0
2025-12-30T13:30:00+00:00,MH,Telgaon 132kV,18.97043,76.21077,127,124,18.979555130004883,76.19355010986328,105,2025-12-30T15:15:00+00:00,2025-12-30T20:45:00+05:30,0.0,0.0,0.0,0.0,128.13262939453125,0.0
2025-12-30T13:30:00+00:00,MH,Telgaon 132kV,18.97043,76.21077,127,124,18.979555130004883,76.19355010986328,120,2025-12-30T15:30:00+00:00,2025-12-30T21:00:00+05:30,0.0,0.0,0.0,0.0,131.56126403808594,0.0
2025-12-30T14:30:00+00:00,MH,Telgaon 132kV,18.97043,76.21077,127,124,18.979555130004883,76.19355010986328,75,2025-12-30T15:45:00+00:00,2025-12-30T21:15:00+05:30,0.0,0.0,0.0,0.0,134.9966278076172,0.0
2025-12-30T14:30:00+00:00,MH,Telgaon 132kV,18.97043,76.21077,127,124,18.979555130004883,76.19355010986328,90,2025-12-30T16:00:00+00:00,2025-12-30T21:30:00+05:30,0.0,0.0,0.0,0.0,138.43739318847656,0.0
2025-12-30T14:30:00+00:00,MH,Telgaon 132kV,18.97043,76.21077,127,124,18.979555130004883,76.19355010986328,105,2025-12-30T16:15:00+00:00,2025-12-30T21:45:00+05:30,0.0,0.0,0.0,0.0,141.88209533691406,0.0
2025-12-30T14:30:00+00:00,MH,Telgaon 132kV,18.97043,76.21077,127,124,18.979555130004883,76.19355010986328,120,2025-12-30T16:30:00+00:00,2025-12-30T22:00:00+05:30,0.0,0.0,0.0,0.0,145.3291473388672,0.0
2025-12-30T15:30:00+00:00,MH,Telgaon 132kV,18.97043,76.21077,127,124,18.979555130004883,76.19355010986328,75,2025-12-30T16:45:00+00:00,2025-12-30T22:15:00+05:30,0.0,0.0,0.0,0.0,148.7765655517578,0.0
2025-12-30T15:30:00+00:00,MH,Telgaon 132kV,18.97043,76.21077,127,124,18.979555130004883,76.19355010986328,90,2025-12-30T17:00:00+00:00,2025-12-30T22:30:00+05:30,0.0,0.0,0.0,0.0,152.22183227539062,0.0
2025-12-30T15:30:00+00:00,MH,Telgaon 132kV,18.97043,76.21077,127,124,18.979555130004883,76.19355010986328,105,2025-12-30T17:15:00+00:00,2025-12-30T22:45:00+05:30,0.0,0.0,0.0,0.0,155.66136169433594,0.0
2025-12-30T15:30:00+00:00,MH,Telgaon 132kV,18.97043,76.21077,127,124,18.979555130004883,76.19355010986328,120,2025-12-30T17:30:00+00:00,2025-12-30T23:00:00+05:30,0.0,0.0,0.0,0.0,159.08973693847656,0.0
2025-12-30T16:30:00+00:00,MH,Telgaon 132kV,18.97043,76.21077,127,124,18.979555130004883,76.19355010986328,75,2025-12-30T17:45:00+00:00,2025-12-30T23:15:00+05:30,0.0,0.0,0.0,0.0,162.4976806640625,0.0
2025-12-30T16:30:00+00:00,MH,Telgaon 132kV,18.97043,76.21077,127,124,18.979555130004883,76.19355010986328,90,2025-12-30T18:00:00+00:00,2025-12-30T23:30:00+05:30,,0.0,0.0,0.0,165.86773681640625,0.0
2025-12-30T16:30:00+00:00,MH,Telgaon 132kV,18.97043,76.21077,127,124,18.979555130004883,76.19355010986328,105,2025-12-30T18:15:00+00:00,2025-12-30T23:45:00+05:30,,0.0,0.0,0.0,169.16163635253906,0.0
2025-12-30T16:30:00+00:00,MH,Telgaon 132kV,18.97043,76.21077,127,124,18.979555130004883,76.19355010986328,120,2025-12-30T18:30:00+00:00,2025-12-31T00:00:00+05:30,,0.0,0.0,0.0,172.2781982421875,0.0
2025-12-30T17:30:00+00:00,MH,Telgaon 132kV,18.97043,76.21077,127,124,18.979555130004883,76.19355010986328,75,2025-12-30T18:45:00+00:00,2025-12-31T00:15:00+05:30,,0.0,0.0,0.0,174.87933349609375,0.0
2025-12-30T17:30:00+00:00,MH,Telgaon 132kV,18.97043,76.21077,127,124,18.979555130004883,76.19355010986328,90,2025-12-30T19:00:00+00:00,2025-12-31T00:30:00+05:30,,0.0,0.0,0.0,175.84373474121094,0.0
2025-12-30T17:30:00+00:00,MH,Telgaon 132kV,18.97043,76.21077,127,124,18.979555130004883,76.19355010986328,105,2025-12-30T19:15:00+00:00,2025-12-31T00:45:00+05:30,,0.0,0.0,0.0,174.2736358642578,0.0
2025-12-30T17:30:00+00:00,MH,Telgaon 132kV,18.97043,76.21077,127,124,18.979555130004883,76.19355010986328,120,2025-12-30T19:30:00+00:00,2025-12-31T01:00:00+05:30,,0.0,0.0,0.0,171.4698486328125,0.0
2025-12-30T18:30:00+00:00,MH,Telgaon 132kV,18.97043,76.21077,127,124,18.979555130004883,76.19355010986328,75,2025-12-30T19:45:00+00:00,2025-12-31T01:15:00+05:30,,0.0,0.0,0.0,168.2880859375,0.0
2025-12-30T18:30:00+00:00,MH,Telgaon 132kV,18.97043,76.21077,127,124,18.979555130004883,76.19355010986328,90,2025-12-30T20:00:00+00:00,2025-12-31T01:30:00+05:30,,0.0,0.0,0.0,164.96763610839844,0.0
2025-12-30T18:30:00+00:00,MH,Telgaon 132kV,18.97043,76.21077,127,124,18.979555130004883,76.19355010986328,105,2025-12-30T20:15:00+00:00,2025-12-31T01:45:00+05:30,,0.0,0.0,0.0,161.58470153808594,0.0
2025-12-30T18:30:00+00:00,MH,Telgaon 132kV,18.97043,76.21077,127,124,18.979555130004883,76.19355010986328,120,2025-12-30T20:30:00+00:00,2025-12-31T02:00:00+05:30,,0.0,0.0,0.0,158.16981506347656,0.0
2025-12-30T19:30:00+00:00,MH,Telgaon 132kV,18.97043,76.21077,127,124,18.979555130004883,76.19355010986328,75,2025-12-30T20:45:00+00:00,2025-12-31T02:15:00+05:30,,0.0,0.0,0.0,154.73748779296875,0.0
2025-12-30T19:30:00+00:00,MH,Telgaon 132kV,18.97043,76.21077,127,124,18.979555130004883,76.19355010986328,90,2025-12-30T21:00:00+00:00,2025-12-31T02:30:00+05:30,,0.0,0.0,0.0,151.2957000732422,0.0
2025-12-30T19:30:00+00:00,MH,Telgaon 132kV,18.97043,76.21077,127,124,18.979555130004883,76.19355010986328,105,2025-12-30T21:15:00+00:00,2025-12-31T02:45:00+05:30,,0.0,0.0,0.0,147.84922790527344,0.0
2025-12-30T19:30:00+00:00,MH,Telgaon 132kV,18.97043,76.21077,127,124,18.979555130004883,76.19355010986328,120,2025-12-30T21:30:00+00:00,2025-12-31T03:00:00+05:30,,0.0,0.0,0.0,144.4013214111328,0.0
2025-12-30T20:30:00+00:00,MH,Telgaon 132kV,18.97043,76.21077,127,124,18.979555130004883,76.19355010986328,75,2025-12-30T21:45:00+00:00,2025-12-31T03:15:00+05:30,,0.0,0.0,0.0,140.95431518554688,0.0
2025-12-30T20:30:00+00:00,MH,Telgaon 132kV,18.97043,76.21077,127,124,18.979555130004883,76.19355010986328,90,2025-12-30T22:00:00+00:00,2025-12-31T03:30:00+05:30,,0.0,0.0,0.0,137.5100555419922,0.0
2025-12-30T20:30:00+00:00,MH,Telgaon 132kV,18.97043,76.21077,127,124,18.979555130004883,76.19355010986328,105,2025-12-30T22:15:00+00:00,2025-12-31T03:45:00+05:30,,0.0,0.0,0.0,134.07009887695312,0.0
2025-12-30T20:30:00+00:00,MH,Telgaon 132kV,18.97043,76.21077,127,124,18.979555130004883,76.19355010986328,120,2025-12-30T22:30:00+00:00,2025-12-31T04:00:00+05:30,,0.0,0.0,0.0,130.6358642578125,0.0
2025-12-30T21:30:00+00:00,MH,Telgaon 132kV,18.97043,76.21077,127,124,18.979555130004883,76.19355010986328,75,2025-12-30T22:45:00+00:00,2025-12-31T04:15:00+05:30,,0.0,0.0,0.0,127.20864868164062,0.0
2025-12-30T21:30:00+00:00,MH,Telgaon 132kV,18.97043,76.21077,127,124,18.979555130004883,76.19355010986328,90,2025-12-30T23:00:00+00:00,2025-12-31T04:30:00+05:30,,0.0,0.0,0.0,123.78975677490234,0.0
2025-12-30T21:30:00+00:00,MH,Telgaon 132kV,18.97043,76.21077,127,124,18.979555130004883,76.19355010986328,105,2025-12-30T23:15:00+00:00,2025-12-31T04:45:00+05:30,,0.0,0.0,0.0,120.38050079345705,0.0
2025-12-30T21:30:00+00:00,MH,Telgaon 132kV,18.97043,76.21077,127,124,18.979555130004883,76.19355010986328,120,2025-12-30T23:30:00+00:00,2025-12-31T05:00:00+05:30,,0.0,0.0,0.0,116.98225402832033,0.0
2025-12-30T22:30:00+00:00,MH,Telgaon 132kV,18.97043,76.21077,127,124,18.979555130004883,76.19355010986328,75,2025-12-30T23:45:00+00:00,2025-12-31T05:15:00+05:30,,0.0,0.0,0.0,113.59646606445312,0.0
2025-12-30T22:30:00+00:00,MH,Telgaon 132kV,18.97043,76.21077,127,124,18.979555130004883,76.19355010986328,90,2025-12-31T00:00:00+00:00,2025-12-31T05:30:00+05:30,,0.0,0.0,0.0,110.2247085571289,0.0
2025-12-30T22:30:00+00:00,MH,Telgaon 132kV,18.97043,76.21077,127,124,18.979555130004883,76.19355010986328,105,2025-12-31T00:15:00+00:00,2025-12-31T05:45:00+05:30,,0.0,0.0,0.0,106.8686752319336,0.0
2025-12-30T22:30:00+00:00,MH,Telgaon 132kV,18.97043,76.21077,127,124,18.979555130004883,76.19355010986328,120,2025-12-31T00:30:00+00:00,2025-12-31T06:00:00+05:30,,0.0,0.0,0.0,103.53024291992188,0.0
2025-12-30T23:30:00+00:00,MH,Telgaon 132kV,18.97043,76.21077,127,124,18.979555130004883,76.19355010986328,75,2025-12-31T00:45:00+00:00,2025-12-31T06:15:00+05:30,,0.0,0.0,0.0,100.21148681640624,0.0
2025-12-30T23:30:00+00:00,MH,Telgaon 132kV,18.97043,76.21077,127,124,18.979555130004883,76.19355010986328,90,2025-12-31T01:00:00+00:00,2025-12-31T06:30:00+05:30,,0.0,0.0,0.0,96.91472625732422,0.0
2025-12-30T23:30:00+00:00,MH,Telgaon 132kV,18.97043,76.21077,127,124,18.979555130004883,76.19355010986328,105,2025-12-31T01:15:00+00:00,2025-12-31T06:45:00+05:30,,0.0,0.0,0.0,93.64256286621094,0.0
2025-12-30T23:30:00+00:00,MH,Telgaon 132kV,18.97043,76.21077,127,124,18.979555130004883,76.19355010986328,120,2025-12-31T01:30:00+00:00,2025-12-31T07:00:00+05:30,,0.0,0.0,0.0,90.39791870117188,0.0
2025-12-31T00:30:00+00:00,MH,Telgaon 132kV,18.97043,76.21077,127,124,18.979555130004883,76.19355010986328,75,2025-12-31T01:45:00+00:00,2025-12-31T07:15:00+05:30,,,,43.07818984985352,87.18412017822266,1.0
2025-12-31T00:30:00+00:00,MH,Telgaon 132kV,18.97043,76.21077,127,124,18.979555130004883,76.19355010986328,90,2025-12-31T02:00:00+00:00,2025-12-31T07:30:00+05:30,,,,66.44527435302734,84.00492858886719,1.0
2025-12-31T00:30:00+00:00,MH,Telgaon 132kV,18.97043,76.21077,127,124,18.979555130004883,76.19355010986328,105,2025-12-31T02:15:00+00:00,2025-12-31T07:45:00+05:30,,,,121.7431182861328,80.86465454101562,1.0
2025-12-31T00:30:00+00:00,MH,Telgaon 132kV,18.97043,76.21077,127,124,18.979555130004883,76.19355010986328,120,2025-12-31T02:30:00+00:00,2025-12-31T08:00:00+05:30,,,,177.75599670410156,77.76821899414062,1.0
2025-12-31T01:30:00+00:00,MH,Telgaon 132kV,18.97043,76.21077,127,124,18.979555130004883,76.19355010986328,75,2025-12-31T02:45:00+00:00,2025-12-31T08:15:00+05:30,,,,233.0596618652344,74.72126770019531,1.0
2025-12-31T01:30:00+00:00,MH,Telgaon 132kV,18.97043,76.21077,127,124,18.979555130004883,76.19355010986328,90,2025-12-31T03:00:00+00:00,2025-12-31T08:30:00+05:30,,,,286.98638916015625,71.73030853271484,1.0
2025-12-31T01:30:00+00:00,MH,Telgaon 132kV,18.97043,76.21077,127,124,18.979555130004883,76.19355010986328,105,2025-12-31T03:15:00+00:00,2025-12-31T08:45:00+05:30,,,,339.1112365722656,68.80281829833984,1.0
2025-12-31T01:30:00+00:00,MH,Telgaon 132kV,18.97043,76.21077,127,124,18.979555130004883,76.19355010986328,120,2025-12-31T03:30:00+00:00,2025-12-31T09:00:00+05:30,352.0087585449219,,,389.1105651855469,65.94741821289062,1.0
2025-12-31T02:30:00+00:00,MH,Telgaon 132kV,18.97043,76.21077,127,124,18.979555130004883,76.19355010986328,75,2025-12-31T03:45:00+00:00,2025-12-31T09:15:00+05:30,,,,436.71234130859375,63.17406463623047,1.0
2025-12-31T02:30:00+00:00,MH,Telgaon 132kV,18.97043,76.21077,127,124,18.979555130004883,76.19355010986328,90,2025-12-31T04:00:00+00:00,2025-12-31T09:30:00+05:30,452.578125,,,481.6778564453125,60.49418640136719,1.0
2025-12-31T02:30:00+00:00,MH,Telgaon 132kV,18.97043,76.21077,127,124,18.979555130004883,76.19355010986328,105,2025-12-31T04:15:00+00:00,2025-12-31T09:45:00+05:30,,,,523.79150390625,57.9209213256836,1.0
2025-12-31T02:30:00+00:00,MH,Telgaon 132kV,18.97043,76.21077,127,124,18.979555130004883,76.19355010986328,120,2025-12-31T04:30:00+00:00,2025-12-31T10:00:00+05:30,541.948486328125,,,562.857666015625,55.46923828125,1.0
2025-12-31T03:30:00+00:00,MH,Telgaon 132kV,18.97043,76.21077,127,124,18.979555130004883,76.19355010986328,75,2025-12-31T04:45:00+00:00,2025-12-31T10:15:00+05:30,,,,598.6978149414062,53.15610504150391,1.0
2025-12-31T03:30:00+00:00,MH,Telgaon 132kV,18.97043,76.21077,127,124,18.979555130004883,76.19355010986328,90,2025-12-31T05:00:00+00:00,2025-12-31T10:30:00+05:30,616.8411865234375,,,631.1510620117188,51.00049591064453,1.0
2025-12-31T03:30:00+00:00,MH,Telgaon 132kV,18.97043,76.21077,127,124,18.979555130004883,76.19355010986328,105,2025-12-31T05:15:00+00:00,2025-12-31T10:45:00+05:30,,,,660.0725708007812,49.02330780029297,1.0
2025-12-31T03:30:00+00:00,MH,Telgaon 132kV,18.97043,76.21077,127,124,18.979555130004883,76.19355010986328,120,2025-12-31T05:30:00+00:00,2025-12-31T11:00:00+05:30,676.3936767578125,,,685.3343505859375,47.24704360961914,1.0
2025-12-31T04:30:00+00:00,MH,Telgaon 132kV,18.97043,76.21077,127,124,18.979555130004883,76.19355010986328,75,2025-12-31T05:45:00+00:00,2025-12-31T11:15:00+05:30,,685.7408447265625,0.970170795917511,706.8248901367188,45.69524002075195,1.0
2025-12-31T04:30:00+00:00,MH,Telgaon 132kV,18.97043,76.21077,127,124,18.979555130004883,76.19355010986328,90,2025-12-31T06:00:00+00:00,2025-12-31T11:30:00+05:30,718.6729736328125,704.069091796875,0.9718673229217528,724.4498291015625,44.39151382446289,1.0
2025-12-31T04:30:00+00:00,MH,Telgaon 132kV,18.97043,76.21077,127,124,18.979555130004883,76.19355010986328,105,2025-12-31T06:15:00+00:00,2025-12-31T11:45:00+05:30,,718.9108276367188,0.9739595651626588,738.132080078125,43.35832214355469,1.0
2025-12-31T04:30:00+00:00,MH,Telgaon 132kV,18.97043,76.21077,127,124,18.979555130004883,76.19355010986328,120,2025-12-31T06:30:00+00:00,2025-12-31T12:00:00+05:30,741.2860717773438,728.6822509765625,0.9744198322296144,747.8114013671875,42.61538696289063,1.0
2025-12-31T05:30:00+00:00,MH,Telgaon 132kV,18.97043,76.21077,127,124,18.979555130004883,76.19355010986328,75,2025-12-31T06:45:00+00:00,2025-12-31T12:15:00+05:30,,736.022705078125,0.9768754839897156,753.44580078125,42.17809677124024,1.0
2025-12-31T05:30:00+00:00,MH,Telgaon 132kV,18.97043,76.21077,127,124,18.979555130004883,76.19355010986328,90,2025-12-31T07:00:00+00:00,2025-12-31T12:30:00+05:30,745.0487060546875,733.8973999023438,0.9720360040664672,755.010498046875,42.05600357055664,1.0
2025-12-31T05:30:00+00:00,MH,Telgaon 132kV,18.97043,76.21077,127,124,18.979555130004883,76.19355010986328,105,2025-12-31T07:15:00+00:00,2025-12-31T12:45:00+05:30,,728.8021240234375,0.9685094952583312,752.4986572265625,42.25185394287109,1.0
2025-12-31T05:30:00+00:00,MH,Telgaon 132kV,18.97043,76.21077,127,124,18.979555130004883,76.19355010986328,120,2025-12-31T07:30:00+00:00,2025-12-31T13:00:00+05:30,728.5614013671875,719.1234741210938,0.9640740752220154,745.92138671875,42.76126480102539,1.0
2025-12-31T06:30:00+00:00,MH,Telgaon 132kV,18.97043,76.21077,127,124,18.979555130004883,76.19355010986328,75,2025-12-31T07:45:00+00:00,2025-12-31T13:15:00+05:30,,709.3480224609375,0.964696168899536,735.3071899414062,43.57322311401367,1.0
2025-12-31T06:30:00+00:00,MH,Telgaon 132kV,18.97043,76.21077,127,124,18.979555130004883,76.19355010986328,90,2025-12-31T08:00:00+00:00,2025-12-31T13:30:00+05:30,692.7218017578125,688.3348388671875,0.9550887942314148,720.7024536132812,44.671199798583984,1.0
2025-12-31T06:30:00+00:00,MH,Telgaon 132kV,18.97043,76.21077,127,124,18.979555130004883,76.19355010986328,105,2025-12-31T08:15:00+00:00,2025-12-31T13:45:00+05:30,,665.3181762695312,0.9475157856941224,702.1710815429688,46.03468704223633,1.0
2025-12-31T06:30:00+00:00,MH,Telgaon 132kV,18.97043,76.21077,127,124,18.979555130004883,76.19355010986328,120,2025-12-31T08:30:00+00:00,2025-12-31T14:00:00+05:30,639.3417358398438,638.1470336914062,0.9387356042861938,679.794189453125,47.64083480834961,1.0
2025-12-31T06:30:00+00:00,MH,Telgaon 132kV,18.97043,76.21077,127,124,18.979555130004883,76.19355010986328,135,2025-12-31T08:45:00+00:00,2025-12-31T14:15:00+05:30,,606.5529174804688,0.9279187917709352,653.6702270507812,49.4659423828125,1.0
2025-12-31T07:45:00+00:00,MH,Telgaon 132kV,18.97043,76.21077,127,124,18.979555130004883,76.19355010986328,75,2025-12-31T09:00:00+00:00,2025-12-31T14:30:00+05:30,569.3054809570312,575.4304809570312,0.9222908020019532,623.9143676757812,51.48664855957031,1.0
2025-12-31T07:45:00+00:00,MH,Telgaon 132kV,18.97043,76.21077,127,124,18.979555130004883,76.19355010986328,90,2025-12-31T09:15:00+00:00,2025-12-31T14:45:00+05:30,,534.8687744140625,0.9055466055870056,590.658447265625,53.680782318115234,1.0
2025-12-31T07:45:00+00:00,MH,Telgaon 132kV,18.97043,76.21077,127,124,18.979555130004883,76.19355010986328,105,2025-12-31T09:30:00+00:00,2025-12-31T15:00:00+05:30,484.6714477539063,492.5681457519531,0.8890302181243896,554.0510864257812,56.02787399291992,1.0
2025-12-31T08:30:00+00:00,MH,Telgaon 132kV,18.97043,76.21077,127,124,18.979555130004883,76.19355010986328,75,2025-12-31T09:45:00+00:00,2025-12-31T15:15:00+05:30,,435.0642395019531,0.8460046648979187,514.2575073242188,58.5094108581543,1.0
2025-12-31T08:30:00+00:00,MH,Telgaon 132kV,18.97043,76.21077,127,124,18.979555130004883,76.19355010986328,90,2025-12-31T10:00:00+00:00,2025-12-31T15:30:00+05:30,388.029296875,385.0749816894531,0.8167721033096313,471.4595031738281,61.10890197753906,1.0
2025-12-31T08:30:00+00:00,MH,Telgaon 132kV,18.97043,76.21077,127,124,18.979555130004883,76.19355010986328,105,2025-12-31T10:15:00+00:00,2025-12-31T15:45:00+05:30,,334.6160888671875,0.7857465744018555,425.8575134277344,63.81181335449219,1.0
2025-12-31T08:30:00+00:00,MH,Telgaon 132kV,18.97043,76.21077,127,124,18.979555130004883,76.19355010986328,120,2025-12-31T10:30:00+00:00,2025-12-31T16:00:00+05:30,282.0048217773437,281.6128845214844,0.7456550002098083,377.67181396484375,66.60542297363281,1.0
2025-12-31T09:30:00+00:00,MH,Telgaon 132kV,18.97043,76.21077,127,124,18.979555130004883,76.19355010986328,75,2025-12-31T10:45:00+00:00,2025-12-31T16:15:00+05:30,,223.1874237060547,0.6822214722633362,327.1480407714844,69.4786605834961,1.0
2025-12-31T09:30:00+00:00,MH,Telgaon 132kV,18.97043,76.21077,127,124,18.979555130004883,76.19355010986328,90,2025-12-31T11:00:00+00:00,2025-12-31T16:30:00+05:30,173.3778839111328,171.5916748046875,0.6249522566795349,274.5676574707031,72.4218978881836,1.0
2025-12-31T09:30:00+00:00,MH,Telgaon 132kV,18.97043,76.21077,127,124,18.979555130004883,76.19355010986328,105,2025-12-31T11:15:00+00:00,2025-12-31T16:45:00+05:30,,122.37874603271484,0.5555805563926697,220.27183532714844,75.42679595947266,1.0
2025-12-31T09:30:00+00:00,MH,Telgaon 132kV,18.97043,76.21077,127,124,18.979555130004883,76.19355010986328,120,2025-12-31T11:30:00+00:00,2025-12-31T17:00:00+05:30,72.26318359375,78.12653350830078,0.4742880761623382,164.7238006591797,78.4861068725586,1.0
2025-12-31T10:30:00+00:00,MH,Telgaon 132kV,18.97043,76.21077,127,124,18.979555130004883,76.19355010986328,75,2025-12-31T11:45:00+00:00,2025-12-31T17:15:00+05:30,,37.21651077270508,0.3423973023891449,108.69393157958984,81.59355163574219,1.0
2025-12-31T10:30:00+00:00,MH,Telgaon 132kV,18.97043,76.21077,127,124,18.979555130004883,76.19355010986328,90,2025-12-31T12:00:00+00:00,2025-12-31T17:30:00+05:30,7.301724433898926,12.751730918884276,0.2361719608306884,53.99341583251953,84.74365234375,1.0
2025-12-31T10:30:00+00:00,MH,Telgaon 132kV,18.97043,76.21077,127,124,18.979555130004883,76.19355010986328,105,2025-12-31T12:15:00+00:00,2025-12-31T17:45:00+05:30,,6.968506336212158,0.1617641448974609,43.07818984985352,87.931640625,1.0
2025-12-31T10:30:00+00:00,MH,Telgaon 132kV,18.97043,76.21077,127,124,18.979555130004883,76.19355010986328,120,2025-12-31T12:30:00+00:00,2025-12-31T18:00:00+05:30,0.0,0.0,0.0,0.0,91.15335083007812,0.0
2025-12-31T11:30:00+00:00,MH,Telgaon 132kV,18.97043,76.21077,127,124,18.979555130004883,76.19355010986328,75,2025-12-31T12:45:00+00:00,2025-12-31T18:15:00+05:30,,0.0,0.0,0.0,94.40511322021484,0.0
2025-12-31T11:30:00+00:00,MH,Telgaon 132kV,18.97043,76.21077,127,124,18.979555130004883,76.19355010986328,90,2025-12-31T13:00:00+00:00,2025-12-31T18:30:00+05:30,0.0,0.0,0.0,0.0,97.68372344970705,0.0
2025-12-31T11:30:00+00:00,MH,Telgaon 132kV,18.97043,76.21077,127,124,18.979555130004883,76.19355010986328,105,2025-12-31T13:15:00+00:00,2025-12-31T18:45:00+05:30,0.0,0.0,0.0,0.0,100.98632049560548,0.0
2025-12-31T11:30:00+00:00,MH,Telgaon 132kV,18.97043,76.21077,127,124,18.979555130004883,76.19355010986328,120,2025-12-31T13:30:00+00:00,2025-12-31T19:00:00+05:30,0.0,0.0,0.0,0.0,104.31038665771484,0.0
2025-12-31T12:30:00+00:00,MH,Telgaon 132kV,18.97043,76.21077,127,124,18.979555130004883,76.19355010986328,75,2025-12-31T13:45:00+00:00,2025-12-31T19:15:00+05:30,0.0,0.0,0.0,0.0,107.6536636352539,0.0
2025-12-31T12:30:00+00:00,MH,Telgaon 132kV,18.97043,76.21077,127,124,18.979555130004883,76.19355010986328,90,2025-12-31T14:00:00+00:00,2025-12-31T19:30:00+05:30,0.0,0.0,0.0,0.0,111.01412963867188,0.0
2025-12-31T12:30:00+00:00,MH,Telgaon 132kV,18.97043,76.21077,127,124,18.979555130004883,76.19355010986328,105,2025-12-31T14:15:00+00:00,2025-12-31T19:45:00+05:30,0.0,0.0,0.0,0.0,114.38995361328124,0.0
2025-12-31T12:30:00+00:00,MH,Telgaon 132kV,18.97043,76.21077,127,124,18.979555130004883,76.19355010986328,120,2025-12-31T14:30:00+00:00,2025-12-31T20:00:00+05:30,0.0,0.0,0.0,0.0,117.77947998046876,0.0
2025-12-31T13:30:00+00:00,MH,Telgaon 132kV,18.97043,76.21077,127,124,18.979555130004883,76.19355010986328,75,2025-12-31T14:45:00+00:00,2025-12-31T20:15:00+05:30,0.0,0.0,0.0,0.0,121.18115997314452,0.0
2025-12-31T13:30:00+00:00,MH,Telgaon 132kV,18.97043,76.21077,127,124,18.979555130004883,76.19355010986328,90,2025-12-31T15:00:00+00:00,2025-12-31T20:30:00+05:30,0.0,0.0,0.0,0.0,124.59358215332033,0.0
2025-12-31T13:30:00+00:00,MH,Telgaon 132kV,18.97043,76.21077,127,124,18.979555130004883,76.19355010986328,105,2025-12-31T15:15:00+00:00,2025-12-31T20:45:00+05:30,0.0,0.0,0.0,0.0,128.01539611816406,0.0
2025-12-31T13:30:00+00:00,MH,Telgaon 132kV,18.97043,76.21077,127,124,18.979555130004883,76.19355010986328,120,2025-12-31T15:30:00+00:00,2025-12-31T21:00:00+05:30,0.0,0.0,0.0,0.0,131.4453125,0.0
2025-12-31T14:30:00+00:00,MH,Telgaon 132kV,18.97043,76.21077,127,124,18.979555130004883,76.19355010986328,75,2025-12-31T15:45:00+00:00,2025-12-31T21:15:00+05:30,0.0,0.0,0.0,0.0,134.8820343017578,0.0
2025-12-31T14:30:00+00:00,MH,Telgaon 132kV,18.97043,76.21077,127,124,18.979555130004883,76.19355010986328,90,2025-12-31T16:00:00+00:00,2025-12-31T21:30:00+05:30,0.0,0.0,0.0,0.0,138.32424926757812,0.0
2025-12-31T14:30:00+00:00,MH,Telgaon 132kV,18.97043,76.21077,127,124,18.979555130004883,76.19355010986328,105,2025-12-31T16:15:00+00:00,2025-12-31T21:45:00+05:30,0.0,0.0,0.0,0.0,141.7705535888672,0.0
2025-12-31T14:30:00+00:00,MH,Telgaon 132kV,18.97043,76.21077,127,124,18.979555130004883,76.19355010986328,120,2025-12-31T16:30:00+00:00,2025-12-31T22:00:00+05:30,0.0,0.0,0.0,0.0,145.2193603515625,0.0
2025-12-31T15:30:00+00:00,MH,Telgaon 132kV,18.97043,76.21077,127,124,18.979555130004883,76.19355010986328,75,2025-12-31T16:45:00+00:00,2025-12-31T22:15:00+05:30,0.0,0.0,0.0,0.0,148.6687774658203,0.0
2025-12-31T15:30:00+00:00,MH,Telgaon 132kV,18.97043,76.21077,127,124,18.979555130004883,76.19355010986328,90,2025-12-31T17:00:00+00:00,2025-12-31T22:30:00+05:30,0.0,0.0,0.0,0.0,152.11636352539062,0.0
2025-12-31T15:30:00+00:00,MH,Telgaon 132kV,18.97043,76.21077,127,124,18.979555130004883,76.19355010986328,105,2025-12-31T17:15:00+00:00,2025-12-31T22:45:00+05:30,0.0,0.0,0.0,0.0,155.55868530273438,0.0
2025-12-31T15:30:00+00:00,MH,Telgaon 132kV,18.97043,76.21077,127,124,18.979555130004883,76.19355010986328,120,2025-12-31T17:30:00+00:00,2025-12-31T23:00:00+05:30,0.0,0.0,0.0,0.0,158.9905548095703,0.0
2025-12-31T16:30:00+00:00,MH,Telgaon 132kV,18.97043,76.21077,127,124,18.979555130004883,76.19355010986328,75,2025-12-31T17:45:00+00:00,2025-12-31T23:15:00+05:30,0.0,0.0,0.0,0.0,162.40316772460938,0.0
2025-12-31T16:30:00+00:00,MH,Telgaon 132kV,18.97043,76.21077,127,124,18.979555130004883,76.19355010986328,90,2025-12-31T18:00:00+00:00,2025-12-31T23:30:00+05:30,,0.0,0.0,0.0,165.77996826171875,0.0
2025-12-31T16:30:00+00:00,MH,Telgaon 132kV,18.97043,76.21077,127,124,18.979555130004883,76.19355010986328,105,2025-12-31T18:15:00+00:00,2025-12-31T23:45:00+05:30,,0.0,0.0,0.0,169.08482360839844,0.0
2025-12-31T16:30:00+00:00,MH,Telgaon 132kV,18.97043,76.21077,127,124,18.979555130004883,76.19355010986328,120,2025-12-31T18:30:00+00:00,2026-01-01T00:00:00+05:30,,0.0,0.0,0.0,172.22238159179688,0.0
2025-12-31T17:30:00+00:00,MH,Telgaon 132kV,18.97043,76.21077,127,124,18.979555130004883,76.19355010986328,75,2025-12-31T18:45:00+00:00,2026-01-01T00:15:00+05:30,,0.0,0.0,0.0,174.87229919433594,0.0
2025-12-31T17:30:00+00:00,MH,Telgaon 132kV,18.97043,76.21077,127,124,18.979555130004883,76.19355010986328,90,2025-12-31T19:00:00+00:00,2026-01-01T00:30:00+05:30,,0.0,0.0,0.0,175.92987060546875,0.0
2025-12-31T17:30:00+00:00,MH,Telgaon 132kV,18.97043,76.21077,127,124,18.979555130004883,76.19355010986328,105,2025-12-31T19:15:00+00:00,2026-01-01T00:45:00+05:30,,0.0,0.0,0.0,174.40399169921875,0.0
2025-12-31T17:30:00+00:00,MH,Telgaon 132kV,18.97043,76.21077,127,124,18.979555130004883,76.19355010986328,120,2025-12-31T19:30:00+00:00,2026-01-01T01:00:00+05:30,,0.0,0.0,0.0,171.60157775878906,0.0
2025-12-31T18:30:00+00:00,MH,Telgaon 132kV,18.97043,76.21077,127,124,18.979555130004883,76.19355010986328,75,2025-12-31T19:45:00+00:00,2026-01-01T01:15:00+05:30,,0.0,0.0,0.0,168.41554260253906,0.0
2025-12-31T18:30:00+00:00,MH,Telgaon 132kV,18.97043,76.21077,127,124,18.979555130004883,76.19355010986328,90,2025-12-31T20:00:00+00:00,2026-01-01T01:30:00+05:30,,0.0,0.0,0.0,165.09100341796875,0.0
2025-12-31T18:30:00+00:00,MH,Telgaon 132kV,18.97043,76.21077,127,124,18.979555130004883,76.19355010986328,105,2025-12-31T20:15:00+00:00,2026-01-01T01:45:00+05:30,,0.0,0.0,0.0,161.70465087890625,0.0
2025-12-31T18:30:00+00:00,MH,Telgaon 132kV,18.97043,76.21077,127,124,18.979555130004883,76.19355010986328,120,2025-12-31T20:30:00+00:00,2026-01-01T02:00:00+05:30,,0.0,0.0,0.0,158.28684997558594,0.0
2025-12-31T19:30:00+00:00,MH,Telgaon 132kV,18.97043,76.21077,127,124,18.979555130004883,76.19355010986328,75,2025-12-31T20:45:00+00:00,2026-01-01T02:15:00+05:30,,0.0,0.0,0.0,154.8520050048828,0.0
2025-12-31T19:30:00+00:00,MH,Telgaon 132kV,18.97043,76.21077,127,124,18.979555130004883,76.19355010986328,90,2025-12-31T21:00:00+00:00,2026-01-01T02:30:00+05:30,,0.0,0.0,0.0,151.40794372558594,0.0
2025-12-31T19:30:00+00:00,MH,Telgaon 132kV,18.97043,76.21077,127,124,18.979555130004883,76.19355010986328,105,2025-12-31T21:15:00+00:00,2026-01-01T02:45:00+05:30,,0.0,0.0,0.0,147.95938110351562,0.0
2025-12-31T19:30:00+00:00,MH,Telgaon 132kV,18.97043,76.21077,127,124,18.979555130004883,76.19355010986328,120,2025-12-31T21:30:00+00:00,2026-01-01T03:00:00+05:30,,0.0,0.0,0.0,144.50950622558594,0.0
2025-12-31T20:30:00+00:00,MH,Telgaon 132kV,18.97043,76.21077,127,124,18.979555130004883,76.19355010986328,75,2025-12-31T21:45:00+00:00,2026-01-01T03:15:00+05:30,,0.0,0.0,0.0,141.06060791015625,0.0
2025-12-31T20:30:00+00:00,MH,Telgaon 132kV,18.97043,76.21077,127,124,18.979555130004883,76.19355010986328,90,2025-12-31T22:00:00+00:00,2026-01-01T03:30:00+05:30,,0.0,0.0,0.0,137.61451721191406,0.0
2025-12-31T20:30:00+00:00,MH,Telgaon 132kV,18.97043,76.21077,127,124,18.979555130004883,76.19355010986328,105,2025-12-31T22:15:00+00:00,2026-01-01T03:45:00+05:30,,0.0,0.0,0.0,134.1727752685547,0.0
2025-12-31T20:30:00+00:00,MH,Telgaon 132kV,18.97043,76.21077,127,124,18.979555130004883,76.19355010986328,120,2025-12-31T22:30:00+00:00,2026-01-01T04:00:00+05:30,,0.0,0.0,0.0,130.73672485351562,0.0
2025-12-31T21:30:00+00:00,MH,Telgaon 132kV,18.97043,76.21077,127,124,18.979555130004883,76.19355010986328,75,2025-12-31T22:45:00+00:00,2026-01-01T04:15:00+05:30,,0.0,0.0,0.0,127.30770874023438,0.0
2025-12-31T21:30:00+00:00,MH,Telgaon 132kV,18.97043,76.21077,127,124,18.979555130004883,76.19355010986328,90,2025-12-31T23:00:00+00:00,2026-01-01T04:30:00+05:30,,0.0,0.0,0.0,123.8869857788086,0.0
2025-12-31T21:30:00+00:00,MH,Telgaon 132kV,18.97043,76.21077,127,124,18.979555130004883,76.19355010986328,105,2025-12-31T23:15:00+00:00,2026-01-01T04:45:00+05:30,,0.0,0.0,0.0,120.47586822509766,0.0
2025-12-31T21:30:00+00:00,MH,Telgaon 132kV,18.97043,76.21077,127,124,18.979555130004883,76.19355010986328,120,2025-12-31T23:30:00+00:00,2026-01-01T05:00:00+05:30,,0.0,0.0,0.0,117.07571411132812,0.0
2025-12-31T22:30:00+00:00,MH,Telgaon 132kV,18.97043,76.21077,127,124,18.979555130004883,76.19355010986328,75,2025-12-31T23:45:00+00:00,2026-01-01T05:15:00+05:30,,0.0,0.0,0.0,113.68795776367188,0.0
2025-12-31T22:30:00+00:00,MH,Telgaon 132kV,18.97043,76.21077,127,124,18.979555130004883,76.19355010986328,90,2026-01-01T00:00:00+00:00,2026-01-01T05:30:00+05:30,,0.0,0.0,0.0,110.31414794921876,0.0
2025-12-31T22:30:00+00:00,MH,Telgaon 132kV,18.97043,76.21077,127,124,18.979555130004883,76.19355010986328,105,2026-01-01T00:15:00+00:00,2026-01-01T05:45:00+05:30,,0.0,0.0,0.0,106.95599365234376,0.0
2025-12-31T22:30:00+00:00,MH,Telgaon 132kV,18.97043,76.21077,127,124,18.979555130004883,76.19355010986328,120,2026-01-01T00:30:00+00:00,2026-01-01T06:00:00+05:30,,0.0,0.0,0.0,103.6153335571289,0.0
2025-12-31T23:30:00+00:00,MH,Telgaon 132kV,18.97043,76.21077,127,124,18.979555130004883,76.19355010986328,75,2026-01-01T00:45:00+00:00,2026-01-01T06:15:00+05:30,,0.0,0.0,0.0,100.29424285888672,0.0
2025-12-31T23:30:00+00:00,MH,Telgaon 132kV,18.97043,76.21077,127,124,18.979555130004883,76.19355010986328,90,2026-01-01T01:00:00+00:00,2026-01-01T06:30:00+05:30,,0.0,0.0,0.0,96.9950180053711,0.0
2025-12-31T23:30:00+00:00,MH,Telgaon 132kV,18.97043,76.21077,127,124,18.979555130004883,76.19355010986328,105,2026-01-01T01:15:00+00:00,2026-01-01T06:45:00+05:30,,0.0,0.0,0.0,93.72024536132812,0.0
2025-12-31T23:30:00+00:00,MH,Telgaon 132kV,18.97043,76.21077,127,124,18.979555130004883,76.19355010986328,120,2026-01-01T01:30:00+00:00,2026-01-01T07:00:00+05:30,,0.0,0.0,0.0,90.47283935546876,0.0
2026-01-01T00:30:00+00:00,MH,Telgaon 132kV,18.97043,76.21077,127,124,18.979555130004883,76.19355010986328,75,2026-01-01T01:45:00+00:00,2026-01-01T07:15:00+05:30,,0.0,0.0,43.07818984985352,87.25608825683594,1.0
2026-01-01T00:30:00+00:00,MH,Telgaon 132kV,18.97043,76.21077,127,124,18.979555130004883,76.19355010986328,90,2026-01-01T02:00:00+00:00,2026-01-01T07:30:00+05:30,,0.0,0.0,65.27201080322266,84.07373809814453,1.0
2026-01-01T00:30:00+00:00,MH,Telgaon 132kV,18.97043,76.21077,127,124,18.979555130004883,76.19355010986328,105,2026-01-01T02:15:00+00:00,2026-01-01T07:45:00+05:30,,0.0,0.0,120.56851196289062,80.9300765991211,1.0
2026-01-01T00:30:00+00:00,MH,Telgaon 132kV,18.97043,76.21077,127,124,18.979555130004883,76.19355010986328,120,2026-01-01T02:30:00+00:00,2026-01-01T08:00:00+05:30,,143.71392822265625,0.8136247396469116,176.63417053222656,77.82999420166016,1.0
2026-01-01T01:30:00+00:00,MH,Telgaon 132kV,18.97043,76.21077,127,124,18.979555130004883,76.19355010986328,75,2026-01-01T02:45:00+00:00,2026-01-01T08:15:00+05:30,,,,232.01202392578125,74.77910614013672,1.0
2026-01-01T01:30:00+00:00,MH,Telgaon 132kV,18.97043,76.21077,127,124,18.979555130004883,76.19355010986328,90,2026-01-01T03:00:00+00:00,2026-01-01T08:30:00+05:30,,,,286.02557373046875,71.78388214111328,1.0
2026-01-01T01:30:00+00:00,MH,Telgaon 132kV,18.97043,76.21077,127,124,18.979555130004883,76.19355010986328,105,2026-01-01T03:15:00+00:00,2026-01-01T08:45:00+05:30,,,,338.2463684082031,68.85176086425781,1.0
2026-01-01T01:30:00+00:00,MH,Telgaon 132kV,18.97043,76.21077,127,124,18.979555130004883,76.19355010986328,120,2026-01-01T03:30:00+00:00,2026-01-01T09:00:00+05:30,,,,388.3488159179688,65.99132537841797,1.0
2026-01-01T02:30:00+00:00,MH,Telgaon 132kV,18.97043,76.21077,127,124,18.979555130004883,76.19355010986328,75,2026-01-01T03:45:00+00:00,2026-01-01T09:15:00+05:30,,,,436.0601501464844,63.21247863769531,1.0
2026-01-01T02:30:00+00:00,MH,Telgaon 132kV,18.97043,76.21077,127,124,18.979555130004883,76.19355010986328,90,2026-01-01T04:00:00+00:00,2026-01-01T09:30:00+05:30,,,,481.1402893066406,60.526615142822266,1.0
2026-01-01T02:30:00+00:00,MH,Telgaon 132kV,18.97043,76.21077,127,124,18.979555130004883,76.19355010986328,105,2026-01-01T04:15:00+00:00,2026-01-01T09:45:00+05:30,,,,523.3733520507812,57.946815490722656,1.0
2026-01-01T02:30:00+00:00,MH,Telgaon 132kV,18.97043,76.21077,127,124,18.979555130004883,76.19355010986328,120,2026-01-01T04:30:00+00:00,2026-01-01T10:00:00+05:30,491.1903076171875,,,562.5626220703125,55.48801040649414,1.0
2026-01-01T03:30:00+00:00,MH,Telgaon 132kV,18.97043,76.21077,127,124,18.979555130004883,76.19355010986328,75,2026-01-01T04:45:00+00:00,2026-01-01T10:15:00+05:30,,,,598.529541015625,53.1671257019043,1.0
2026-01-01T03:30:00+00:00,MH,Telgaon 132kV,18.97043,76.21077,127,124,18.979555130004883,76.19355010986328,90,2026-01-01T05:00:00+00:00,2026-01-01T10:30:00+05:30,565.26904296875,,,631.1122436523438,51.00311279296875,1.0
2026-01-01T03:30:00+00:00,MH,Telgaon 132kV,18.97043,76.21077,127,124,18.979555130004883,76.19355010986328,105,2026-01-01T05:15:00+00:00,2026-01-01T10:45:00+05:30,,,,660.16552734375,49.01686477661133,1.0
2026-01-01T03:30:00+00:00,MH,Telgaon 132kV,18.97043,76.21077,127,124,18.979555130004883,76.19355010986328,120,2026-01-01T05:30:00+00:00,2026-01-01T11:00:00+05:30,623.1691284179688,,,685.560546875,47.230918884277344,1.0
2026-01-01T04:30:00+00:00,MH,Telgaon 132kV,18.97043,76.21077,127,124,18.979555130004883,76.19355010986328,75,2026-01-01T05:45:00+00:00,2026-01-01T11:15:00+05:30,,,,707.1853637695312,45.66887283325195,1.0
2026-01-01T04:30:00+00:00,MH,Telgaon 132kV,18.97043,76.21077,127,124,18.979555130004883,76.19355010986328,90,2026-01-01T06:00:00+00:00,2026-01-01T11:30:00+05:30,,,,724.9449462890625,44.35446166992188,1.0
2026-01-01T04:30:00+00:00,MH,Telgaon 132kV,18.97043,76.21077,127,124,18.979555130004883,76.19355010986328,105,2026-01-01T06:15:00+00:00,2026-01-01T11:45:00+05:30,,,,738.761474609375,43.31031036376953,1.0
2026-01-01T04:30:00+00:00,MH,Telgaon 132kV,18.97043,76.21077,127,124,18.979555130004883,76.19355010986328,120,2026-01-01T06:30:00+00:00,2026-01-01T12:00:00+05:30,687.4030151367188,,,748.5747680664062,42.55636215209961,1.0
2026-01-01T05:30:00+00:00,MH,Telgaon 132kV,18.97043,76.21077,127,124,18.979555130004883,76.19355010986328,75,2026-01-01T06:45:00+00:00,2026-01-01T12:15:00+05:30,,695.604248046875,0.9221344590187072,754.3414306640625,42.10824966430664,1.0
2026-01-01T05:30:00+00:00,MH,Telgaon 132kV,18.97043,76.21077,127,124,18.979555130004883,76.19355010986328,90,2026-01-01T07:00:00+00:00,2026-01-01T12:30:00+05:30,691.0303344726562,700.6116943359375,0.926690399646759,756.0364379882812,41.97579193115234,1.0
2026-01-01T05:30:00+00:00,MH,Telgaon 132kV,18.97043,76.21077,127,124,18.979555130004883,76.19355010986328,105,2026-01-01T07:15:00+00:00,2026-01-01T12:45:00+05:30,,702.8439331054688,0.9325832724571228,753.6527099609375,42.16196823120117,1.0
2026-01-01T05:30:00+00:00,MH,Telgaon 132kV,18.97043,76.21077,127,124,18.979555130004883,76.19355010986328,120,2026-01-01T07:30:00+00:00,2026-01-01T13:00:00+05:30,675.0474853515625,699.9625854492188,0.9367804527282716,747.2002563476562,42.66260528564453,1.0
2026-01-01T06:30:00+00:00,MH,Telgaon 132kV,18.97043,76.21077,127,124,18.979555130004883,76.19355010986328,75,2026-01-01T07:45:00+00:00,2026-01-01T13:15:00+05:30,,668.6423950195312,0.9076094031333924,736.7072143554688,43.4668197631836,1.0
2026-01-01T06:30:00+00:00,MH,Telgaon 132kV,18.97043,76.21077,127,124,18.979555130004883,76.19355010986328,90,2026-01-01T08:00:00+00:00,2026-01-01T13:30:00+05:30,641.7918701171875,649.9410400390625,0.8999218940734863,722.2194213867188,44.558143615722656,1.0
2026-01-01T06:30:00+00:00,MH,Telgaon 132kV,18.97043,76.21077,127,124,18.979555130004883,76.19355010986328,105,2026-01-01T08:15:00+00:00,2026-01-01T13:45:00+05:30,,629.6392822265625,0.8946275115013123,703.8004760742188,45.91606140136719,1.0
2026-01-01T06:30:00+00:00,MH,Telgaon 132kV,18.97043,76.21077,127,124,18.979555130004883,76.19355010986328,120,2026-01-01T08:30:00+00:00,2026-01-01T14:00:00+05:30,589.8658447265625,604.9833984375,0.8876831531524658,681.53076171875,47.51766586303711,1.0
2026-01-01T07:30:00+00:00,MH,Telgaon 132kV,18.97043,76.21077,127,124,18.979555130004883,76.19355010986328,75,2026-01-01T08:45:00+00:00,2026-01-01T14:15:00+05:30,,557.6465454101562,0.8507087230682373,655.5081787109375,49.33916473388672,1.0
2026-01-01T07:30:00+00:00,MH,Telgaon 132kV,18.97043,76.21077,127,124,18.979555130004883,76.19355010986328,90,2026-01-01T09:00:00+00:00,2026-01-01T14:30:00+05:30,521.7763061523438,520.2900390625,0.8313363790512085,625.8477783203125,51.35708236694336,1.0
2026-01-01T07:30:00+00:00,MH,Telgaon 132kV,18.97043,76.21077,127,124,18.979555130004883,76.19355010986328,105,2026-01-01T09:15:00+00:00,2026-01-01T14:45:00+05:30,,482.7739868164063,0.8145601153373718,592.6806030273438,53.54913711547852,1.0
2026-01-01T07:30:00+00:00,MH,Telgaon 132kV,18.97043,76.21077,127,124,18.979555130004883,76.19355010986328,120,2026-01-01T09:30:00+00:00,2026-01-01T15:00:00+05:30,,441.6350708007813,0.7940863370895386,556.1549682617188,55.89474868774414,1.0
2026-01-01T08:30:00+00:00,MH,Telgaon 132kV,18.97043,76.21077,127,124,18.979555130004883,76.19355010986328,75,2026-01-01T09:45:00+00:00,2026-01-01T15:15:00+05:30,410.5868835449219,387.09368896484375,0.7495492696762085,516.435302734375,58.37529754638672,1.0
2026-01-01T08:30:00+00:00,MH,Telgaon 132kV,18.97043,76.21077,127,124,18.979555130004883,76.19355010986328,90,2026-01-01T10:00:00+00:00,2026-01-01T15:30:00+05:30,345.1431884765625,338.4448547363281,0.7144653797149658,473.7036437988281,60.97420883178711,1.0
2026-01-01T08:30:00+00:00,MH,Telgaon 132kV,18.97043,76.21077,127,124,18.979555130004883,76.19355010986328,105,2026-01-01T10:15:00+00:00,2026-01-01T15:45:00+05:30,313.0440673828125,293.1742553710937,0.6847320795059204,428.1590881347656,63.6768684387207,1.0
2026-01-01T08:30:00+00:00,MH,Telgaon 132kV,18.97043,76.21077,127,124,18.979555130004883,76.19355010986328,120,2026-01-01T10:30:00+00:00,2026-01-01T16:00:00+05:30,244.6177215576172,244.5196990966797,0.6434363722801208,380.0215759277344,66.47049713134766,1.0
2026-01-01T08:30:00+00:00,MH,Telgaon 132kV,18.97043,76.21077,127,124,18.979555130004883,76.19355010986328,135,2026-01-01T10:45:00+00:00,2026-01-01T16:15:00+05:30,211.37774658203125,197.1374969482422,0.5982280373573303,329.53570556640625,69.3439712524414,1.0
2026-01-01T08:30:00+00:00,MH,Telgaon 132kV,18.97043,76.21077,127,124,18.979555130004883,76.19355010986328,150,2026-01-01T11:00:00+00:00,2026-01-01T16:30:00+05:30,143.4563751220703,149.2361602783203,0.5387944579124451,276.98162841796875,72.28761291503906,1.0
2026-01-01T08:30:00+00:00,MH,Telgaon 132kV,18.97043,76.21077,127,124,18.979555130004883,76.19355010986328,165,2026-01-01T11:15:00+00:00,2026-01-01T16:45:00+05:30,111.94136810302734,103.69681549072266,0.4656405448913574,222.69712829589844,75.29306030273438,1.0
2026-01-01T08:30:00+00:00,MH,Telgaon 132kV,18.97043,76.21077,127,124,18.979555130004883,76.19355010986328,180,2026-01-01T11:30:00+00:00,2026-01-01T17:00:00+05:30,55.34457778930664,62.861724853515625,0.3761055469512939,167.13851928710938,78.35303497314453,1.0
2026-01-02T05:15:00+00:00,MH,Telgaon 132kV,18.97043,76.21077,127,124,18.979555130004883,76.19355010986328,75,2026-01-02T06:30:00+00:00,2026-01-02T12:00:00+05:30,,688.0847778320312,0.9181419610977173,749.4317626953125,42.48999786376953,1.0
2026-01-02T05:15:00+00:00,MH,Telgaon 132kV,18.97043,76.21077,127,124,18.979555130004883,76.19355010986328,90,2026-01-02T06:45:00+00:00,2026-01-02T12:15:00+05:30,,690.85693359375,0.9146426916122437,755.329833984375,42.03105545043945,1.0
2026-01-02T05:15:00+00:00,MH,Telgaon 132kV,18.97043,76.21077,127,124,18.979555130004883,76.19355010986328,105,2026-01-02T07:00:00+00:00,2026-01-02T12:30:00+05:30,,691.5830078125,0.9133979082107544,757.1541137695312,41.888275146484375,1.0
2026-01-02T05:15:00+00:00,MH,Telgaon 132kV,18.97043,76.21077,127,124,18.979555130004883,76.19355010986328,120,2026-01-02T07:15:00+00:00,2026-01-02T12:45:00+05:30,,687.439697265625,0.9106407165527344,754.896728515625,42.06489181518555,1.0
2026-01-02T05:15:00+00:00,MH,Telgaon 132kV,18.97043,76.21077,127,124,18.979555130004883,76.19355010986328,135,2026-01-02T07:30:00+00:00,2026-01-02T13:00:00+05:30,,678.5507202148438,0.9064657688140869,748.5673828125,42.556922912597656,1.0
2026-01-02T05:15:00+00:00,MH,Telgaon 132kV,18.97043,76.21077,127,124,18.979555130004883,76.19355010986328,150,2026-01-02T07:45:00+00:00,2026-01-02T13:15:00+05:30,,665.2466430664062,0.9011815786361694,738.1937866210938,43.35361099243164,1.0
2026-01-02T05:15:00+00:00,MH,Telgaon 132kV,18.97043,76.21077,127,124,18.979555130004883,76.19355010986328,165,2026-01-02T08:00:00+00:00,2026-01-02T13:30:00+05:30,,648.0239868164062,0.895281970500946,723.8211059570312,44.438541412353516,1.0
2026-01-02T05:15:00+00:00,MH,Telgaon 132kV,18.97043,76.21077,127,124,18.979555130004883,76.19355010986328,180,2026-01-02T08:15:00+00:00,2026-01-02T13:45:00+05:30,,626.4879150390625,0.8879902958869934,705.5121459960938,45.79118728637695,1.0
